ticker,net_income,operating_cf,investing_cf,total_assets,cash_conversion_ratio,accrual_ratio
MMM,3250000000.0,2306000000.0,1350000000.0,37733000000.0,0.7095384615384616,-0.010759812365833621
AOS,546200000.0,616800000.0,-53000000.0,3142800000.0,1.1292566825338703,-0.0056001018200330915
ABT,6524000000.0,9566000000.0,-2422000000.0,86713000000.0,1.4662783568362967,-0.007150023641207201
ABBV,4226000000.0,19030000000.0,-6643000000.0,133960000000.0,4.503076194983436,-0.060921170498656314
ACN,7678433000.0,11474399000.0,-2019650000.0,65394897000.0,1.4943672751979473,-0.027162914561972624
ADBE,7130000000.0,10031000000.0,-1187000000.0,29496000000.0,1.4068723702664796,-0.05810957417954977
AMD,4335000000.0,7709000000.0,-5533000000.0,76926000000.0,1.7783160322952711,0.02806593349452721
AES,910000000.0,4306000000.0,-6210000000.0,51768000000.0,4.731868131868132,0.054357904496986555
AFL,3646000000.0,2555000000.0,1561000000.0,116470000000.0,0.7007679648930335,-0.004035373916029879
A,1303000000.0,1559000000.0,-394000000.0,12727000000.0,1.1964696853415195,0.010843089494774888
APD,-394500000.0,3256800000.0,-7168700000.0,41059500000.0,-8.25551330798479,0.08566592384222896
ABNB,2511000000.0,4646000000.0,-748000000.0,22208000000.0,1.8502588610115491,-0.0624549711815562
AKAM,452031000.0,1518765000.0,-540743000.0,11479643000.0,3.359869124020255,-0.045819456232219065
ALB,-510628000.0,1282267000.0,-146007000.0,16374211000.0,-2.511156849996475,-0.10057815915527167
ARE,-1429570000.0,1414046000.0,362097000.0,34081835000.0,-0.9891407905873795,-0.0940592840731727
ALGN,410351000.0,593223000.0,-112445000.0,6233693000.0,1.445647750340562,-0.011297797308914635
ALLE,643800000.0,783800000.0,-685500000.0,5223700000.0,1.2174588381484934,0.10442789593583092
LNT,810000000.0,1169000000.0,-1896000000.0,24991000000.0,1.44320987654321,0.06150214077067744
ALL,10282000000.0,10110000000.0,-7255000000.0,119758000000.0,0.9832717370161447,0.06201673374638855
GOOGL,132170000000.0,164713000000.0,-120291000000.0,595281000000.0,1.2462207762729818,0.14740601497444064
GOOG,132170000000.0,164713000000.0,-120291000000.0,595281000000.0,1.2462207762729818,0.14740601497444064
MO,6947000000.0,9290000000.0,-341000000.0,35017000000.0,1.337267885418166,-0.05717223063083645
AMZN,77670000000.0,139514000000.0,-142545000000.0,818042000000.0,1.796240504699369,0.09865141398607895
AMCR,511000000.0,1390000000.0,-2102000000.0,37066000000.0,2.720156555772994,0.03299519775535531
AEP,3580000000.0,6944000000.0,-11939000000.0,114460000000.0,1.9396648044692737,0.07491700157260178
AXP,10833000000.0,18428000000.0,-22891000000.0,300052000000.0,1.7010984953383181,0.050977830509378375
AIG,3096000000.0,3314000000.0,3190000000.0,161254000000.0,1.0704134366925064,-0.021134359457749885
AMT,2529500000.0,5464000000.0,-1859800000.0,63190400000.0,2.1601106938130066,-0.01700733022737631
AWK,1111000000.0,2059000000.0,-3309000000.0,35442000000.0,1.8532853285328532,0.06661587946504148
AMP,3563000000.0,8323000000.0,-1528000000.0,190904000000.0,2.3359528487229864,-0.016929975275531157
AME,1480142000.0,1801763000.0,-1062770000.0,16067543000.0,1.2172906383306465,0.046127089873044064
AMGN,7711000000.0,9958000000.0,-1943000000.0,90586000000.0,1.2914018933990403,-0.0033559269644315897
APH,4270300000.0,5374700000.0,-5082100000.0,36236900000.0,1.258623515912231,0.10976932353484983
ADI,2267342000.0,4812202000.0,-1321521000.0,47992712000.0,2.122397944377161,-0.025490099413427607
AON,3695000000.0,3481000000.0,286000000.0,50784000000.0,0.9420838971583221,-0.0014177693761814746
APA,1434000000.0,4545000000.0,-2153000000.0,17761000000.0,3.1694560669456067,-0.05393840436912336
APO,3492000000.0,7246000000.0,-63972000000.0,460949000000.0,2.075028636884307,0.1306391813411028
AAPL,112010000000.0,111482000000.0,15195000000.0,359241000000.0,0.995286135166503,-0.04082774516271807
AMAT,6998000000.0,7958000000.0,-2782000000.0,36299000000.0,1.1371820520148614,0.05019422022645252
APP,3333764000.0,3971094000.0,358428000.0,7259610000.0,1.1911743002804038,-0.13716411763166342
APTV,165000000.0,2185000000.0,-498000000.0,23413000000.0,13.242424242424242,-0.06500662025370521
ACGL,4399000000.0,6172000000.0,-4036000000.0,79241000000.0,1.4030461468515572,0.028558448278037885
ADM,1078000000.0,5452000000.0,-1017000000.0,52389000000.0,5.057513914656772,-0.06407833705548875
ARES,527362000.0,3266959000.0,-1803639000.0,28633369000.0,6.194907862151615,-0.032687665918739776
ANET,3511400000.0,4371900000.0,-3576200000.0,19448600000.0,1.2450589508458165,0.13963472949209713
AJG,1494000000.0,1930000000.0,-15876000000.0,70665000000.0,1.2918340026773762,0.2184957192386613
AIZ,872700000.0,1833900000.0,-1457800000.0,36289600000.0,2.1014094190443453,0.013684361359728408
T,21953000000.0,40284000000.0,-18777000000.0,420198000000.0,1.8350111602058945,0.0010614043855515733
ATO,1198754000.0,2049456000.0,-3561282000.0,28249522000.0,1.7096551919743332,0.09595135804421753
ADSK,1124000000.0,2452000000.0,-451000000.0,12467000000.0,2.1814946619217084,-0.0703457126814791
ADP,4079700000.0,4939700000.0,-3035000000.0,53369300000.0,1.2107998137117926,0.04075376667859612
AZO,2498247000.0,3117337000.0,-1400430000.0,19355324000.0,1.2478097642066617,0.04036822116746793
AVB,1051301000.0,1671105000.0,-1392367000.0,22192137000.0,1.589559032094519,0.03481246533400546
AVY,688000000.0,881400000.0,-596000000.0,8801700000.0,1.2811046511627906,0.045741163638842494
AXON,124656000.0,211339000.0,-724930000.0,7000313000.0,1.6953776793736361,0.0911740660739027
BKR,2588000000.0,3810000000.0,-2044000000.0,40881000000.0,1.472179289026275,0.02010714023629559
BALL,912000000.0,1262000000.0,-656000000.0,19524000000.0,1.3837719298245614,0.01567301782421635
BAC,30509000000.0,12613000000.0,-145157000000.0,3411738000000.0,0.4134189911173752,0.04779177064592885
BAX,-957000000.0,845000000.0,2841000000.0,20055000000.0,-0.8829676071055381,-0.23151333831962104
BDX,1678000000.0,3431000000.0,-818000000.0,55325000000.0,2.0446960667461265,-0.016900135562584725
BBY,1069000000.0,1962000000.0,-730000000.0,14670000000.0,1.8353601496725913,-0.011111111111111112
TECH,73400000.0,287556000.0,-35183000.0,2557868000.0,3.9176566757493188,-0.06996959968223536
BIIB,1292900000.0,2204600000.0,-1371100000.0,29439500000.0,1.7051589450073479,0.015604884593828021
BLK,5553000000.0,3927000000.0,-4418000000.0,169998000000.0,0.7071853052404106,0.03555335945128766
BX,3019214000.0,4663161000.0,-115703000.0,47708975000.0,1.544495024201663,-0.03203263117683832
XYZ,1305636000.0,2579714000.0,-2801932000.0,39549887000.0,1.9758294042137319,0.038631058541330345
BNY,5549000000.0,6730000000.0,-44283000000.0,472300000000.0,1.2128311407460803,0.09125979250476392
BA,2235000000.0,1065000000.0,499000000.0,168235000000.0,0.47651006711409394,0.003988468511308586
BKNG,5404000000.0,9409000000.0,-313000000.0,29264000000.0,1.7411176905995558,-0.12616183706943684
BSX,2898000000.0,4534000000.0,-2640000000.0,43673000000.0,1.564527260179434,0.022989032125111625
BMY,7054000000.0,14156000000.0,-4132000000.0,90038000000.0,2.00680464984406,-0.032986072547146764
AVGO,23126000000.0,27537000000.0,-580000000.0,171092000000.0,1.190737697829283,-0.022391461903537278
BR,839500000.0,1171300000.0,-316200000.0,8545000000.0,1.3952352590827874,-0.0018256290228203628
BRO,1054000000.0,1450000000.0,-7914000000.0,29991000000.0,1.3757115749525617,0.25067520256076825
BLDR,435199000.0,1215886000.0,-1467174000.0,11237530000.0,2.7938621182493524,0.061088780185681375
BG,816000000.0,844000000.0,-5227000000.0,44528000000.0,1.0343137254901962,0.11675799496945742
BXP,276800000.0,1245157000.0,-644526000.0,26166164000.0,4.498399566473989,-0.012375944750632917
CHRW,587081000.0,914519000.0,-54670000.0,5058381000.0,1.5577390513404454,-0.05392397290753702
CDNS,1108888000.0,1728781000.0,-460523000.0,10153148000.0,1.5590221916009552,-0.015696609563851528
CPT,384462000.0,826621000.0,-499539000.0,9042989000.0,2.1500720487330347,0.006345247130124785
COF,2453000000.0,27718000000.0,-444000000.0,669009000000.0,11.299633102323686,-0.0371011451265977
CAH,1561000000.0,2397000000.0,-5593000000.0,53122000000.0,1.535554131966688,0.08954858627310719
CCL,2760000000.0,6218000000.0,-3321000000.0,51687000000.0,2.2528985507246375,-0.0026505697757656663
CARR,1484000000.0,2513000000.0,-307000000.0,37190000000.0,1.6933962264150944,-0.019413820919602042
CVNA,1407000000.0,1036000000.0,-230000000.0,13201000000.0,0.736318407960199,0.04552685402621014
CASY,714448000.0,1377540000.0,-755431000.0,8936055000.0,1.9281179316059391,0.01033330703537523
CAT,8884000000.0,11739000000.0,-4707000000.0,98585000000.0,1.3213642503376857,0.018785819343713546
CBOE,1100000000.0,1752600000.0,450200000.0,9305300000.0,1.5932727272727272,-0.1185131054345373
CBRE,1157000000.0,1559000000.0,-1627000000.0,30877000000.0,1.3474503025064823,0.03967354341419179
CDW,1066600000.0,1205200000.0,70200000.0,16028200000.0,1.1299456216013501,-0.013027039842277986
COR,1554169000.0,3875120000.0,-4977293000.0,76590112000.0,2.4933710555287103,0.034682571034757075
CNC,-6674000000.0,5088000000.0,472000000.0,76747000000.0,-0.762361402457297,-0.15940688235370765
CNP,1052000000.0,2486000000.0,-4016000000.0,46534000000.0,2.3631178707224336,0.05548631108436842
CF,1455000000.0,2752000000.0,-933000000.0,14088000000.0,1.8914089347079037,-0.025837592277115275
CRL,-144338000.0,737646000.0,-209321000.0,7135422000.0,-5.110546079341545,-0.094270948515729
SCHW,8852000000.0,9311000000.0,24538000000.0,490995000000.0,1.0518526886579305,-0.0509109054063687
CHTR,4987000000.0,16077000000.0,-11620000000.0,154213000000.0,3.2237818327651895,0.0034368049386238513
CVX,12299000000.0,33939000000.0,-15911000000.0,324012000000.0,2.759492641678185,-0.01768144389713961
CMG,1535761000.0,2113926000.0,-35082000.0,8994531000.0,1.3764680832499328,-0.06037924601071473
CB,10310000000.0,12816000000.0,-11260000000.0,272327000000.0,1.2430649854510185,0.03214517840684177
CHD,736800000.0,1215400000.0,-616900000.0,8912400000.0,1.6495656894679696,0.0155177056685068
CIEN,123338000.0,806093000.0,-241499000.0,5864667000.0,6.535641894631014,-0.07523973654429143
CI,5957000000.0,9601000000.0,-4407000000.0,157919000000.0,1.6117173073694813,0.00483159087886828
CINF,2393000000.0,3112000000.0,-1691000000.0,41002000000.0,1.3004596740493104,0.02370616067508902
CTAS,1812281000.0,2165905000.0,-623638000.0,9825241000.0,1.1951264732124876,0.02748166686191209
CSCO,10180000000.0,14193000000.0,1733000000.0,122291000000.0,1.394204322200393,-0.0469862868076964
C,14306000000.0,-67632000000.0,-108282000000.0,2657202000000.0,-4.727526911785265,0.07158657866432436
CFG,1831000000.0,2211000000.0,-5967000000.0,226351000000.0,1.2075368651010376,0.024682903985403203
CLX,810000000.0,981000000.0,-94000000.0,5561000000.0,1.211111111111111,-0.01384643049811185
CME,4072200000.0,4277100000.0,1498800000.0,198424200000.0,1.0503167820833947,-0.008586150278040683
CMS,1071000000.0,2235000000.0,-4038000000.0,39941000000.0,2.0868347338935576,0.07195613529956686
KO,13107000000.0,7408000000.0,-67000000.0,104816000000.0,0.5651941710536355,0.055010685391543274
CTSH,2230000000.0,2883000000.0,-230000000.0,20692000000.0,1.2928251121076233,-0.020442683162574908
COHR,49364000.0,633600000.0,-414215000.0,14910936000.0,12.835264565270238,-0.011402436439939117
COIN,1260327000.0,2426383000.0,-2049550000.0,29671832000.0,1.9252011581121407,0.029775512344502354
CL,2132000000.0,4198000000.0,-817000000.0,16330000000.0,1.9690431519699811,-0.07648499693815064
CMCSA,19998000000.0,33643000000.0,-16157000000.0,272631000000.0,1.6823182318231824,0.009213919180137255
FIX,1022558000.0,1186356000.0,-467272000.0,6441169000.0,1.160184556768418,0.04711473957599933
COP,7988000000.0,19796000000.0,-8836000000.0,121939000000.0,2.4782173259889833,-0.02437284215878431
ED,2023000000.0,4800000000.0,-5249000000.0,74603000000.0,2.3727137913989127,0.033135396699864615
STZ,1686700000.0,2669000000.0,16500000.0,21900500000.0,1.5823797948657141,-0.04560626469715303
CEG,2319000000.0,4237000000.0,-3198000000.0,57249000000.0,1.8270806382061233,0.022358469143565825
COO,374900000.0,796100000.0,-372900000.0,12394800000.0,2.123499599893305,-0.0038967954303417564
CPRT,1552449000.0,1799750000.0,-587448000.0,10090902000.0,1.1592973424569826,0.0337082849481642
GLW,1596000000.0,2695000000.0,-1243000000.0,30976000000.0,1.6885964912280702,0.0046487603305785125
CPAY,1069826000.0,1499901000.0,1227362000.0,26408135000.0,1.4020046250511766,-0.06276236470314923
CTVA,1094000000.0,3406000000.0,-543000000.0,42845000000.0,3.113345521023766,-0.041288365036760415
CSGP,7000000.0,430000000.0,-2816000000.0,10538000000.0,61.42857142857143,0.22708293793888784
COST,8099000000.0,13335000000.0,-5311000000.0,77099000000.0,1.6464995678478824,0.0009727752629735794
CRH,3730000000.0,5625000000.0,-6045000000.0,58329000000.0,1.5080428954423593,0.07114814243343791
CRWD,-162502000.0,1612349000.0,-764479000.0,11086684000.0,-9.922025575069846,-0.09113383226219851
CCI,444000000.0,3057000000.0,-1158000000.0,31518000000.0,6.885135135135135,-0.04616409670664382
CSX,2889000000.0,4613000000.0,-2851000000.0,43682000000.0,1.5967462789892697,0.025800100727988644
CMI,2843000000.0,3621000000.0,-1731000000.0,33992000000.0,1.273654590221597,0.028036008472581784
CVS,1768000000.0,10639000000.0,-5871000000.0,253538000000.0,6.017533936651584,-0.0118325458116732
DHR,3614000000.0,6416000000.0,-1196000000.0,83464000000.0,1.7753182069728832,-0.01924182881242212
DRI,1049600000.0,1698500000.0,-1278300000.0,12587000000.0,1.6182355182926829,0.05000397235242711
DDOG,107741000.0,1050135000.0,-1334480000.0,6643844000.0,9.746846604356744,0.0590149317172408
DVA,746803000.0,1886500000.0,-654949000.0,17480103000.0,2.526101260975117,-0.027731415541430163
DECK,1024071000.0,1181955000.0,-84612000.0,3687765000.0,1.1541729040271622,-0.019868945011409348
DE,5027000000.0,7459000000.0,-2057000000.0,105996000000.0,1.4837875472448776,-0.0035378693535605115
DELL,5936000000.0,11185000000.0,-2055000000.0,101286000000.0,1.884265498652291,-0.03153446675749857
DAL,5005000000.0,8342000000.0,-4186000000.0,81317000000.0,1.6667332667332668,0.010440621272304685
DVN,2642000000.0,6711000000.0,-3393000000.0,31599000000.0,2.540121120363361,-0.021393082059558848
DXCM,836300000.0,1440700000.0,536000000.0,6339900000.0,1.7227071625014947,-0.1798766542059023
FANG,1664000000.0,8758000000.0,-7809000000.0,71059000000.0,5.263221153846154,0.010062061104152887
DLR,1308589000.0,2412136000.0,-2230472000.0,49410468000.0,1.843310619300636,0.022807414007898083
DG,1512311000.0,3634500000.0,-1237196000.0,30963730000.0,2.4032755167422573,-0.028581601764386913
DLTR,1282500000.0,2534000000.0,-728500000.0,13466200000.0,1.9758284600389864,-0.038837979533944245
D,2998000000.0,5361000000.0,-12969000000.0,115857000000.0,1.7881921280853903,0.09154388599739334
DPZ,601704000.0,792062000.0,-70190000.0,1716459000.0,1.3163648571390585,-0.0700092457786641
DASH,935000000.0,2431000000.0,-4391000000.0,19659000000.0,2.6,0.14726079658171828
DOV,1093956000.0,1333575000.0,-896390000.0,13422423000.0,1.2190389741452123,0.04893088230046095
DOW,-2623000000.0,1032000000.0,-2126000000.0,58538000000.0,-0.39344262295081966,-0.026119785438518568
DHI,3585200000.0,3420900000.0,-168700000.0,35471200000.0,0.9541727100301238,0.009387897787500845
DTE,1462000000.0,3409000000.0,-5304000000.0,54066000000.0,2.331737346101231,0.062090777938075686
DUK,4968000000.0,12330000000.0,-14338000000.0,195736000000.0,2.4818840579710146,0.035639841419054234
DD,-779000000.0,560000000.0,-374000000.0,21575000000.0,-0.7188703465982028,-0.04472769409038239
ETN,4087000000.0,4472000000.0,-1101000000.0,41251000000.0,1.0942011255199413,0.01735715497806114
EBAY,2031000000.0,1959000000.0,1420000000.0,17610000000.0,0.9645494830132939,-0.07654741624077228
ECHO,-14497180000.0,-99374000.0,-1404606000.0,43016355000.0,0.00685471243372849,-0.30205255652181595
ECL,2075600000.0,2952600000.0,-2707200000.0,24696300000.0,1.4225284255155135,0.07410826723031386
EIX,4701000000.0,5800000000.0,-6335000000.0,94026000000.0,1.2337800467985536,0.055686724948418524
EW,1073500000.0,1595200000.0,-712900000.0,13697200000.0,1.4859804378202142,0.01395905732558479
EA,887000000.0,2553000000.0,-276000000.0,13131000000.0,2.878241262683202,-0.10585637042114081
ELV,5662000000.0,4290000000.0,-1344000000.0,121494000000.0,0.7576827975980219,0.022355013416300393
EME,1272817000.0,1302063000.0,-873586000.0,9291399000.0,1.0229773800947033,0.0908732904485105
EMR,2293000000.0,3098000000.0,-593000000.0,41964000000.0,1.351068469254252,-0.005051949289867506
ETR,1773328000.0,5150651000.0,-7109454000.0,71890730000.0,2.9045111789809894,0.05191393939107309
EOG,4980000000.0,10044000000.0,-10936000000.0,51799000000.0,2.016867469879518,0.11336126180042086
EQT,2039247000.0,5125952000.0,-2844907000.0,41792874000.0,2.5136494009798716,-0.00578562747323862
EFX,660300000.0,1615700000.0,-554300000.0,11864200000.0,2.4469180675450555,-0.03380758921798351
EQIX,1350000000.0,3911000000.0,-6484000000.0,40141000000.0,2.897037037037037,0.0977304999875439
EQR,1120089000.0,1648763000.0,-321362000.0,20746023000.0,1.4719928505681246,-0.00999285501611562
ERIE,559335000.0,686657000.0,-439328000.0,3355481000.0,1.2276310261292427,0.09298398649850796
ESS,669666000.0,1074423000.0,-552483000.0,13159009000.0,1.6044162313750436,0.011226225318335142
EL,-1133000000.0,1272000000.0,-623000000.0,19892000000.0,-1.1226831421006178,-0.08958375226221596
EG,1591000000.0,3068000000.0,-2096000000.0,62514000000.0,1.9283469516027656,0.009901782000831813
EVRG,855600000.0,2045200000.0,-2570100000.0,33948500000.0,2.3903693314633006,0.04066453598833527
ES,1692372000.0,4113572000.0,-4306163000.0,63786711000.0,2.430654726029502,0.029551029837547198
EXC,2768000000.0,6254000000.0,-8525000000.0,116570000000.0,2.259393063583815,0.043227245431929316
EXE,1819000000.0,4575000000.0,-2759000000.0,28287000000.0,2.515118196811435,0.00010605578534309046
EXPE,1294000000.0,3880000000.0,-531000000.0,24452000000.0,2.998454404945904,-0.08404220513659415
EXPD,810332000.0,1006501000.0,-44703000.0,4893638000.0,1.2420847257667227,-0.030951615137858584
EXR,973999000.0,1850193000.0,-814213000.0,29264046000.0,1.8995840858152833,-0.0021179914766399697
XOM,28844000000.0,51970000000.0,-25927000000.0,448980000000.0,1.8017611981694632,0.006238585237649784
FFIV,692380000.0,949666000.0,-219491000.0,6319492000.0,1.371596522141021,-0.005980702246319799
FDS,597040000.0,726260000.0,-392773000.0,4304272000.0,1.2164344097547903,0.06123056349598724
FICO,651946000.0,778807000.0,-43719000.0,1868133000.0,1.194588202090357,-0.044505396564377374
FAST,1258400000.0,1295900000.0,-231000000.0,5052900000.0,1.0297997457088366,0.03829484058659384
FRT,411077000.0,622378000.0,-743068000.0,9130460000.0,1.5140180550115916,0.05824098676298894
FDX,4092000000.0,7036000000.0,-4092000000.0,87627000000.0,1.7194525904203324,0.013100984856265763
FDXF,1079000000.0,1531000000.0,-385000000.0,6201000000.0,1.4189063948100094,-0.010804708917916465
FIS,382000000.0,2816000000.0,-3042000000.0,33488000000.0,7.371727748691099,0.018155757286192068
FITB,2522000000.0,4514000000.0,-1846000000.0,214376000000.0,1.7898493259318002,-0.000681046385789454
FSLR,1528229000.0,2057105000.0,-765168000.0,13321310000.0,1.3460711712707978,0.017737895146948762
FE,1020000000.0,3700000000.0,-5065000000.0,55904000000.0,3.627450980392157,0.04266242129364625
FISV,3480000000.0,6062000000.0,-2520000000.0,80133000000.0,1.7419540229885058,-0.0007737137009721338
FLEX,880000000.0,1685000000.0,-672000000.0,22060000000.0,1.9147727272727273,-0.006029011786038078
F,-8182000000.0,21282000000.0,-18049000000.0,289160000000.0,-2.601075531654852,-0.03947641444183151
FTNT,1853400000.0,2590600000.0,-599100000.0,10389200000.0,1.3977554764217115,-0.013292650059677356
FTV,579200000.0,1083200000.0,-135400000.0,11737700000.0,1.8701657458563536,-0.03140308578341583
FOXA,2263000000.0,3324000000.0,-537000000.0,23195000000.0,1.4688466637207247,-0.022591075662858374
FOX,2263000000.0,3324000000.0,-537000000.0,23195000000.0,1.4688466637207247,-0.022591075662858374
BEN,524900000.0,1066100000.0,-2342700000.0,32368300000.0,2.0310535340064773,0.055656305706509146
FCX,2204000000.0,5610000000.0,-4472000000.0,58167000000.0,2.545372050816697,0.01832654254130349
GRMN,1663887000.0,1633359000.0,-645235000.0,10993669000.0,0.9816526002066246,0.06146837784546724
IT,729231000.0,1290365000.0,-115142000.0,8085400000.0,1.7694873092339738,-0.055160165236104584
GE,8704000000.0,8537000000.0,-1153000000.0,130169000000.0,0.9808134191176471,0.010140663291567117
GEHC,2084000000.0,1987000000.0,-1047000000.0,36906000000.0,0.9534548944337812,0.030997669755595297
GEV,4884000000.0,4987000000.0,-755000000.0,63016000000.0,1.0210892710892712,0.010346578646692903
GEN,973000000.0,1545000000.0,-1011000000.0,15589000000.0,1.5878725590955807,0.02816088267368016
GNRC,159554000.0,437978000.0,-172904000.0,5573679000.0,2.7450142271582036,-0.018931840172352946
GD,4210000000.0,5120000000.0,-1284000000.0,57249000000.0,1.2161520190023754,0.00653286520288564
GIS,2295200000.0,2918200000.0,-1794900000.0,33071100000.0,1.2714360404322063,0.03543577322798455
GM,2697000000.0,26867000000.0,-16134000000.0,281284000000.0,9.96180941787171,-0.028568990770893473
GPC,65945000.0,890762000.0,-711587000.0,20795540000.0,13.507650314656154,-0.005444917515967366
GILD,8510000000.0,10019000000.0,-4793000000.0,59023000000.0,1.1773207990599295,0.05563932704200058
GPN,1400107000.0,2656592000.0,-230297000.0,53338484000.0,1.8974206971324334,-0.01923916697744915
GL,1161238000.0,1396391000.0,-643618000.0,30813692000.0,1.202501984950544,0.013255957773576759
GDDY,875000000.0,1599400000.0,-25100000.0,8034900000.0,1.8278857142857143,-0.08703281932569167
GS,17176000000.0,-45154000000.0,-44227000000.0,1809320000000.0,-2.6289007918025153,0.05889339641412243
HAL,1283000000.0,2926000000.0,-1325000000.0,25010000000.0,2.2805923616523773,-0.012714914034386246
HIG,3836000000.0,5922000000.0,-3758000000.0,85997000000.0,1.5437956204379562,0.019442538693210228
HAS,-322400000.0,893200000.0,-284400000.0,5552000000.0,-2.770471464019851,-0.16772334293948127
HCA,6784000000.0,12636000000.0,-4988000000.0,60720000000.0,1.8626179245283019,-0.014229249011857707
DOC,71347000.0,1251959000.0,-1034673000.0,20336018000.0,17.547465205264412,-0.007176380351354921
HSIC,398000000.0,712000000.0,-400000000.0,11215000000.0,1.7889447236180904,0.007668301382077575
HSY,883259000.0,2277367000.0,-1278717000.0,13741297000.0,2.5783682928789857,-0.008397387815720744
HPE,57000000.0,2919000000.0,-13190000000.0,75906000000.0,51.21052631578947,0.1360630253207915
HLT,1457000000.0,2129000000.0,-190000000.0,16774000000.0,1.4612216884008236,-0.028734946941695483
HD,14156000000.0,16325000000.0,-8980000000.0,105095000000.0,1.1532212489403786,0.06480803082924973
HONA,1780000000.0,3705000000.0,-525000000.0,17685000000.0,2.081460674157303,-0.0791631325982471
HON,4729000000.0,6408000000.0,-2711000000.0,73681000000.0,1.3550433495453584,0.014006324561284455
HRL,478197000.0,845251000.0,-298592000.0,13393119000.0,1.7675790521479642,-0.005111729388800323
HST,765000000.0,1510000000.0,-507000000.0,13049000000.0,1.973856209150327,-0.018238945513066134
HWM,1508000000.0,1884000000.0,-438000000.0,11179000000.0,1.2493368700265253,0.005546113248054388
HPQ,2529000000.0,3697000000.0,-1177000000.0,41769000000.0,1.4618426255436932,0.00021547080370609782
HUBB,887100000.0,1029800000.0,-1094600000.0,8228800000.0,1.160861233231879,0.11567907835893447
HUM,1188000000.0,921000000.0,2273000000.0,48909000000.0,0.7752525252525253,-0.041014946124435174
HBAN,2211000000.0,2482000000.0,-6347000000.0,225106000000.0,1.122568973315242,0.026991728341314757
HII,605000000.0,1196000000.0,-521000000.0,12749000000.0,1.9768595041322314,-0.005490626715820849
IBM,10593000000.0,13193000000.0,-10302000000.0,151880000000.0,1.2454451052581894,0.050711087700816435
IEX,483200000.0,680400000.0,-137600000.0,6927000000.0,1.408112582781457,-0.008604013281362783
IDXX,1059464000.0,1181805000.0,-136239000.0,3350759000.0,1.1154744285789795,0.004147716979943947
ITW,3066000000.0,3126000000.0,-521000000.0,16148000000.0,1.0195694716242663,0.028548427049789448
INCY,1286650000.0,1413498000.0,-102610000.0,6957973000.0,1.0985878055415226,-0.003483485779551027
IR,581400000.0,1355700000.0,-660600000.0,18297200000.0,2.3317853457172344,-0.006214065540082635
PODD,247100000.0,569300000.0,-222700000.0,3190400000.0,2.3039255362201536,-0.031187311935807423
INTC,-267000000.0,9697000000.0,-14821000000.0,211429000000.0,-36.3183520599251,0.02297225073192419
IBKR,984000000.0,15811000000.0,-171000000.0,203240000000.0,16.068089430894307,-0.07211178901790986
ICE,3315000000.0,4662000000.0,-4249000000.0,136887000000.0,1.4063348416289594,0.021199967856699323
IFF,-361000000.0,850000000.0,2269000000.0,25539000000.0,-2.3545706371191137,-0.13626218724304007
IP,-3516000000.0,1698000000.0,-1024000000.0,37964000000.0,-0.48293515358361777,-0.11036771678432199
INTU,3869000000.0,6207000000.0,-2318000000.0,36958000000.0,1.6042905143447919,-0.0005411548243952595
IVZ,-281700000.0,1525300000.0,-974400000.0,27094000000.0,-5.414625488107916,-0.030730050933786078
INVH,587924000.0,1206230000.0,-652567000.0,18680290000.0,2.0516767473346893,0.0018340721691151476
IQV,1360000000.0,2654000000.0,-2305000000.0,29944000000.0,1.951470588235294,0.03376302431204916
IRM,144591000.0,1339999000.0,-2574206000.0,21125019000.0,9.267513192384035,0.06526848567568153
JBHT,598282000.0,1678272000.0,-574774000.0,7927155000.0,2.8051520854714,-0.06373232263025007
JBL,657000000.0,1640000000.0,-714000000.0,18543000000.0,2.496194824961948,-0.014506821981340668
JKHY,455748000.0,641504000.0,-232163000.0,3043970000.0,1.4075848934060051,0.015245551040253354
J,289336000.0,686704000.0,-75291000.0,11252535000.0,2.3733790471977216,-0.028622617036961003
JNJ,26804000000.0,24530000000.0,-23588000000.0,199210000000.0,0.9151619161319207,0.12982280006023794
JCI,3291000000.0,1399000000.0,6134000000.0,37939000000.0,0.42509875417806137,-0.11181106513086797
JPM,57048000000.0,-147782000000.0,-265565000000.0,4424900000000.0,-2.5904852054410323,0.10630635720581257
KVUE,1470000000.0,2197000000.0,-436000000.0,27076000000.0,1.4945578231292518,-0.010747525483823312
KDP,2079000000.0,1991000000.0,-573000000.0,55459000000.0,0.9576719576719577,0.011918714726194126
KEY,1829000000.0,2208000000.0,3219000000.0,184381000000.0,1.2072170585019135,-0.019513941241234182
KEYS,850000000.0,1409000000.0,-1727000000.0,11301000000.0,1.6576470588235295,0.10335368551455623
KMB,2021000000.0,2777000000.0,-951000000.0,17098000000.0,1.3740722414646214,0.011404842671657504
KIM,584741000.0,1120015000.0,-376815000.0,19688250000.0,1.915403571837788,-0.008048404505225197
KMI,3056000000.0,5917000000.0,-3179000000.0,72748000000.0,1.9361910994764397,0.004371254192555122
KKR,2370463000.0,477760000.0,-16281797000.0,410144072000.0,0.2015471239162982,0.044312477592020394
KLAC,4061643000.0,4081903000.0,-202481000.0,16067926000.0,1.0049881291881142,0.011340667115345192
KHC,-5846000000.0,4462000000.0,-1833000000.0,81786000000.0,-0.7632569278138899,-0.10362409214290955
KR,1016000000.0,7311000000.0,-3914000000.0,49953000000.0,7.195866141732283,-0.047664804916621624
LHX,1606000000.0,3106000000.0,407000000.0,41195000000.0,1.933997509339975,-0.046292025731278066
LH,876500000.0,1640500000.0,-1194000000.0,18392700000.0,1.8716486023958927,0.023378840518249087
LRCX,5358217000.0,6173264000.0,-708092000.0,21345260000.0,1.1521116072753306,-0.005010714322524064
LVS,1627000000.0,3023000000.0,-1217000000.0,21920000000.0,1.8580208973570989,-0.008166058394160585
LDOS,1448000000.0,1750000000.0,-405000000.0,13493000000.0,1.2085635359116023,0.007633587786259542
LEN,2078179000.0,216812000.0,221568000.0,34430437000.0,0.10432787551024238,0.04762643587707005
LLY,20640000000.0,16813000000.0,-10972000000.0,112476000000.0,0.8145833333333333,0.13157473594366798
LIN,6898000000.0,10350000000.0,-5721000000.0,86817000000.0,1.5004349086691795,0.026135434304341315
LYV,495972000.0,1395316000.0,-1226450000.0,22912533000.0,2.8132959118659926,0.014276291495139364
LMT,5017000000.0,8557000000.0,-1977000000.0,59840000000.0,1.70560095674706,-0.026119652406417112
L,1667000000.0,3279000000.0,-2828000000.0,86348000000.0,1.9670065986802638,0.01408254968267939
LOW,6654000000.0,9864000000.0,-12264000000.0,54144000000.0,1.4824165915238954,0.16722074468085107
LULU,1579183000.0,1602477000.0,-662118000.0,8456743000.0,1.0147506653757037,0.07554019319258017
LITE,25900000.0,126300000.0,-84100000.0,4218700000.0,4.876447876447877,-0.003863749496290326
LYB,-745000000.0,2262000000.0,-1776000000.0,34003000000.0,-3.036241610738255,-0.036202687998117815
MTB,2851000000.0,3003000000.0,-6816000000.0,213510000000.0,1.0533146264468607,0.031211652849983607
MPC,4047000000.0,8253000000.0,-5867000000.0,83955000000.0,2.039288361749444,0.019784408313977726
MAR,2601000000.0,3212000000.0,-948000000.0,27540000000.0,1.2349096501345636,0.012236746550472041
MRSH,4160000000.0,5292000000.0,-845000000.0,58710000000.0,1.2721153846153845,-0.004888434678930335
MLM,1137000000.0,1785000000.0,-1588000000.0,18711000000.0,1.5699208443271768,0.05023782801560579
MRVL,2670100000.0,1750500000.0,2097800000.0,22285300000.0,0.6555934234672859,-0.05286893153782987
MAS,810000000.0,1022000000.0,-144000000.0,5201000000.0,1.2617283950617284,-0.013074408767544702
MA,14968000000.0,17648000000.0,-1362000000.0,54157000000.0,1.179048637092464,-0.02433665084845911
MKC,789400000.0,962200000.0,-255200000.0,13200400000.0,1.218900430706866,0.00624223508378534
MCD,8563000000.0,10551000000.0,-3822000000.0,59515000000.0,1.2321616255985053,0.03081576073258842
MCK,4762000000.0,6155000000.0,-3432000000.0,82323000000.0,1.2925241495170097,0.02476829075713956
MDT,4801000000.0,7330000000.0,-2934000000.0,93028000000.0,1.5267652572380754,0.004353527970073526
MRK,18254000000.0,16472000000.0,-13741000000.0,136866000000.0,0.9023775610825024,0.11341750325135534
META,60458000000.0,115800000000.0,-102003000000.0,366021000000.0,1.915379271560422,0.12748175651123841
MET,3379000000.0,17092000000.0,-15607000000.0,745166000000.0,5.058301272565848,0.0025417155372091586
MTD,869193000.0,955772000.0,-193874000.0,3712646000.0,1.0996084874130372,0.028899873567261734
MGM,205862000.0,2529378000.0,-1140789000.0,41373786000.0,12.286764920189253,-0.028586385592075138
MCHP,230000000.0,962100000.0,-195500000.0,14370100000.0,4.18304347826087,-0.03734142420720802
MU,8539000000.0,17525000000.0,-14087000000.0,82798000000.0,2.052348050122965,0.061607768303582215
MSFT,101832000000.0,136162000000.0,-72599000000.0,619003000000.0,1.3371238903291696,0.06182360990172907
MAA,446909000.0,1078175000.0,-690218000.0,11975383000.0,2.412515747053651,0.004922765309468599
MRNA,-2822000000.0,-1873000000.0,1946000000.0,12338000000.0,0.6637136782423813,-0.234640946668828
TAP,-2139600000.0,1784400000.0,-822100000.0,22738400000.0,-0.8339876612450925,-0.1364168103296626
MDLZ,2451000000.0,4514000000.0,-1196000000.0,71487000000.0,1.8416972664218687,-0.012128079231188887
MPWR,621483000.0,838202000.0,-157269000.0,4194199000.0,1.3487126759702197,-0.014174339367302315
MNST,1905432000.0,2098177000.0,-1316778000.0,9988945000.0,1.1011555384815621,0.11252769937165537
MCO,2459000000.0,2901000000.0,2000000.0,15830000000.0,1.1797478649857667,-0.02804801010739103
MS,16861000000.0,-17889000000.0,-46779000000.0,1420270000000.0,-1.0609691002906114,0.05740387391129856
MOS,540700000.0,824800000.0,-1309500000.0,24480100000.0,1.5254299981505457,0.04188708379459234
MSI,2154000000.0,2837000000.0,-5164000000.0,19389000000.0,1.3170844939647168,0.23111042343596885
MSCI,1202305000.0,1588446000.0,-130064000.0,5702459000.0,1.3211672578921323,-0.04490641668795865
NDAQ,1788000000.0,2255000000.0,-1100000000.0,31053000000.0,1.2611856823266219,0.02038450391266544
NTAP,1276000000.0,2067000000.0,-595000000.0,10744000000.0,1.6199059561128526,-0.018242740134028296
NFLX,10981201000.0,10149273000.0,1041688000.0,55596993000.0,0.9242407091901879,-0.0037728659174067203
NEM,7085000000.0,10334000000.0,606000000.0,57121000000.0,1.4585744530698659,-0.06748831428021218
NWSA,1180000000.0,978000000.0,-406000000.0,15504000000.0,0.8288135593220339,0.0392156862745098
NWS,1180000000.0,978000000.0,-406000000.0,15504000000.0,0.8288135593220339,0.0392156862745098
NEE,6835000000.0,12485000000.0,-23865000000.0,212721000000.0,1.8266276517922457,0.08562859332176889
NKE,,3698000000.0,-275000000.0,36579000000.0,,
NI,929500000.0,2362300000.0,-4524100000.0,35858700000.0,2.54147391070468,0.08620781009908335
NDSN,484474000.0,719175000.0,-26690000.0,5917681000.0,1.4844449856958268,-0.03515076260447293
NSC,2873000000.0,4361000000.0,-2562000000.0,45236000000.0,1.5179255134006264,0.023742152268105048
NTRS,1736900000.0,5533500000.0,-20169900000.0,177132700000.0,3.1858483505095285,0.09243521947105193
NOC,4182000000.0,4757000000.0,-1155000000.0,51377000000.0,1.1374940219990435,0.011289098234618603
NCLH,423246000.0,2089746000.0,-3264691000.0,22541401000.0,4.937426461206957,0.07090025149723392
NRG,864000000.0,1913000000.0,-1638000000.0,29140000000.0,2.2141203703703702,0.02021276595744681
NUE,1744000000.0,3234000000.0,-3226000000.0,35104000000.0,1.8543577981651376,0.04945305378304467
NVDA,120067000000.0,102718000000.0,-52228000000.0,206803000000.0,0.855505675997568,0.3364409607210727
NVR,1339816000.0,1121320000.0,-71208000.0,5856930000.0,0.8369208906297582,0.04946345611096598
NXPI,2021000000.0,2820000000.0,-2357000000.0,26560000000.0,1.3953488372093024,0.05865963855421687
ORLY,2538209000.0,2761993000.0,-1152356000.0,16538253000.0,1.0881661045248834,0.0561469219270016
OXY,2326000000.0,10532000000.0,-5799000000.0,84186000000.0,4.527944969905417,-0.028591452260470863
ODFL,1023703000.0,1370133000.0,-366411000.0,5470160000.0,1.3384086986166885,0.0036527267940974304
OMC,-54500000.0,2938200000.0,980200000.0,54415300000.0,-53.91192660550459,-0.07301071573619919
ON,121000000.0,1759800000.0,-538500000.0,12524100000.0,14.543801652892562,-0.08785461629977404
OKE,3393000000.0,5599000000.0,-3751000000.0,66641000000.0,1.6501620984379606,0.023183925811437404
ORCL,17087000000.0,31977000000.0,-51854000000.0,261759000000.0,1.8714227190261603,0.14121386466176902
OTIS,1384000000.0,1596000000.0,-406000000.0,10653000000.0,1.153179190751445,0.018210832629306298
PCAR,2375800000.0,4415800000.0,-2267200000.0,44336200000.0,1.8586581362067514,0.005124480672678308
PKG,774100000.0,1557500000.0,-2572900000.0,10725500000.0,2.012013951685829,0.16684536851428838
PLTR,1625033000.0,2134473000.0,-2783551000.0,8900392000.0,1.3134951720980435,0.2555068361033986
PANW,1133900000.0,3716000000.0,-2204700000.0,23576200000.0,3.2771849369432933,-0.016007668750689253
PSKY,-6190000000.0,752000000.0,12000000.0,43342000000.0,-0.12148626817447496,-0.16044483411010105
PH,3531000000.0,3776000000.0,224000000.0,29494000000.0,1.069385443217219,-0.015901539296128028
PAYX,,1900900000.0,-3356800000.0,16564100000.0,,
PYPL,5233000000.0,6416000000.0,797000000.0,80173000000.0,1.226065354481177,-0.024696593616304743
PNR,653800000.0,814800000.0,-404500000.0,6868800000.0,1.246252676659529,0.03545015140927091
PEP,8240000000.0,12087000000.0,-6879000000.0,107399000000.0,1.466868932038835,0.02823117533682809
PFE,7771000000.0,11704000000.0,-1351000000.0,208160000000.0,1.5061124694376529,-0.01240392006149116
PCG,2703000000.0,8716000000.0,-12316000000.0,141611000000.0,3.22456529781724,0.0445092542246012
PM,11348000000.0,12233000000.0,-3967000000.0,69185000000.0,1.077987310539302,0.044547228445472285
PSX,4403000000.0,4962000000.0,-2097000000.0,73680000000.0,1.126958891664774,0.020874049945711185
PNW,616531000.0,1805095000.0,-2378674000.0,30031599000.0,2.927825202625659,0.039628592536814305
PNC,6936000000.0,4384000000.0,-15617000000.0,573572000000.0,0.6320645905420992,0.031676929836184475
PPG,1576000000.0,1941000000.0,-700000000.0,22098000000.0,1.2315989847715736,0.015159742963164087
PPL,1181000000.0,2629000000.0,-4004000000.0,45244000000.0,2.2260795935647755,0.056493678719830256
PFG,1185100000.0,4536700000.0,-4135800000.0,341376500000.0,3.828115770821028,0.002297170426200983
PG,15974000000.0,17817000000.0,-3818000000.0,125231000000.0,1.115374984349568,0.01577085545911156
PGR,11308000000.0,17548000000.0,-14527000000.0,123039000000.0,1.5518217191368942,0.06735262802851129
PLD,3328231000.0,5008434000.0,-3630447000.0,98724256000.0,1.5048336488663197,0.019754456290863313
PRU,3576000000.0,6271000000.0,-25892000000.0,773740000000.0,1.753635346756152,0.02998035515806343
PEG,2111000000.0,3298000000.0,-3308000000.0,57576000000.0,1.5622927522501184,0.03683826594414339
PTC,733997000.0,867696000.0,-38293000.0,6617172000.0,1.1821519706483814,-0.014417941682640259
PSA,1784348000.0,3186449000.0,-1685089000.0,20208604000.0,1.7857777742906653,0.01400334233873849
PHM,2218730000.0,1871249000.0,-80424000.0,18048423000.0,0.8433874333515119,0.02370871959284199
PWR,1028378000.0,2229970000.0,-3830974000.0,24926901000.0,2.168434174982351,0.10548371014912765
QCOM,5541000000.0,14012000000.0,-800000000.0,50143000000.0,2.528785417794622,-0.15298247013541272
DGX,992000000.0,1886000000.0,-631000000.0,16225000000.0,1.9012096774193548,-0.0162095531587057
Q,692000000.0,1273000000.0,-285000000.0,14070000000.0,1.8395953757225434,-0.02103766879886283
RL,941100000.0,1154200000.0,-356600000.0,7739500000.0,1.2264371480182765,0.018541249434718004
RJF,2135000000.0,2434000000.0,-4321000000.0,88230000000.0,1.1400468384074942,0.04558540179077411
RTX,6732000000.0,10567000000.0,-1265000000.0,171079000000.0,1.5696672608437314,-0.015022299639347904
O,1058590000.0,3994754000.0,-5663173000.0,72795612000.0,3.7736555229125535,0.037461172797063645
REG,527460000.0,827692000.0,-421140000.0,13001283000.0,1.5692033519129414,0.009299697576000769
REGN,4504900000.0,4978900000.0,-629100000.0,40558700000.0,1.1052187617927145,0.0038240870639344947
RF,2156000000.0,2181000000.0,-1418000000.0,158814000000.0,1.011595547309833,0.008771267016761746
RSG,2139000000.0,4296000000.0,-3313000000.0,34366000000.0,2.0084151472650773,0.03363789792236513
RMD,1400723000.0,1751588000.0,-200045000.0,8174391000.0,1.2504884977258173,-0.018450304126631574
RVTY,241201000.0,582933000.0,-17353000.0,12168411000.0,2.4167934627136702,-0.026657465794013697
HOOD,1883000000.0,1638000000.0,141000000.0,38137000000.0,0.8698884758364313,0.0027270105147232347
ROK,869000000.0,1544000000.0,-216000000.0,11219000000.0,1.7767548906789412,-0.04091273732061681
ROL,526705000.0,678107000.0,-326699000.0,3140523000.0,1.2874512298155514,0.055817773026976714
ROP,1536300000.0,2540300000.0,-3388000000.0,34577000000.0,1.653518193061251,0.06894756630129856
ROST,2145044000.0,3026883000.0,-819275000.0,15548737000.0,1.4111053199841121,-0.004023735175403636
RCL,4268000000.0,6465000000.0,-5012000000.0,41619000000.0,1.5147610121836925,0.06763737715947044
SPGI,4471000000.0,5651000000.0,-704000000.0,61200000000.0,1.2639230597181839,-0.0077777777777777776
CRM,7457000000.0,14996000000.0,-8590000000.0,112305000000.0,2.0109963792409817,0.009358443524331062
SNDK,-1641000000.0,84000000.0,556000000.0,12985000000.0,-0.051188299817184646,-0.17566422795533307
SBAC,1053632000.0,1291328000.0,-601829000.0,11575012000.0,1.225596792808115,0.03145854190043172
SLB,3374000000.0,6489000000.0,-1412000000.0,54868000000.0,1.9232365145228216,-0.031038127870525626
STX,1469000000.0,1083000000.0,-276000000.0,8023000000.0,0.7372362151123213,0.08251277576966222
SRE,1837000000.0,4565000000.0,-12537000000.0,110878000000.0,2.4850299401197606,0.08846660293295333
NOW,1748000000.0,5444000000.0,-1689000000.0,26038000000.0,3.11441647597254,-0.07707965281511636
SHW,2568500000.0,3451600000.0,-2066300000.0,25901700000.0,1.3438193498150672,0.04568039935602682
SPG,4627612000.0,4136551000.0,-1600704000.0,40606466000.0,0.893884578050191,0.05151310138636541
SWKS,477100000.0,1300800000.0,-234000000.0,7917000000.0,2.7264724376441,-0.07448528483011242
SJM,-138700000.0,1473600000.0,-258800000.0,16219400000.0,-10.624369142033165,-0.08344944942476294
SW,699000000.0,3392000000.0,-2143000000.0,45157000000.0,4.852646638054363,-0.012179728502779192
SNA,1016900000.0,1081700000.0,-73100000.0,8412300000.0,1.0637230799488642,0.0009866504998632954
SOLV,1556000000.0,369000000.0,2797000000.0,14294000000.0,0.23714652956298202,-0.11263467189030363
SO,4341000000.0,9802000000.0,-13959000000.0,155720000000.0,2.258005067956692,0.0545723092730542
LUV,441000000.0,1842000000.0,-1429000000.0,29061000000.0,4.1768707482993195,0.0009634905887615705
SWK,401900000.0,971200000.0,-261500000.0,21243700000.0,2.4165215227668573,-0.014489001445134321
SBUX,1856400000.0,4747500000.0,-2485400000.0,32019700000.0,2.5573691014867483,-0.012670324831275746
STT,2945000000.0,11898000000.0,-12991000000.0,366047000000.0,4.040067911714771,0.011031370288514863
STLD,1185595000.0,1449534000.0,-974957000.0,16419780000.0,1.2226215528911644,0.04330252902292235
STE,782300000.0,1341400000.0,-512500000.0,10737200000.0,1.7146874600536879,-0.0043400514100510375
SYK,3246000000.0,5044000000.0,-4866000000.0,47844000000.0,1.5539125077017868,0.06412507315441852
SMCI,1048854000.0,1659524000.0,-183214000.0,14018429000.0,1.5822259342100997,-0.030492432497250584
SYF,3552000000.0,9851000000.0,-4854000000.0,119095000000.0,2.7733671171171173,-0.012133170997942819
SNPS,1332220000.0,1518608000.0,-15881269000.0,48224461000.0,1.139907823032232,0.32545477283820756
SYY,1828000000.0,2510000000.0,-717000000.0,26774000000.0,1.37308533916849,0.0013072383655785464
TMUS,10992000000.0,27950000000.0,-17607000000.0,219237000000.0,2.542758369723435,0.0029602667432960675
TROW,2087100000.0,1753400000.0,230300000.0,14341800000.0,0.8401130755593886,0.007209694738456818
TTWO,-298200000.0,624300000.0,-649200000.0,9383200000.0,-2.0935613682092553,-0.029126524000341034
TPR,183200000.0,1216600000.0,914000000.0,6580500000.0,6.640829694323144,-0.2959349593495935
TRGP,1923000000.0,3917400000.0,-3642000000.0,25218400000.0,2.037129485179407,0.06533324873901596
TGT,3705000000.0,6562000000.0,-3649000000.0,59490000000.0,1.7711201079622132,0.013313161875945537
TEL,1842000000.0,4139000000.0,-3568000000.0,25081000000.0,2.247014115092291,0.05067581037438699
TDY,894800000.0,1191300000.0,-937900000.0,15285300000.0,1.3313589628967366,0.041961884948283644
TER,554047000.0,674415000.0,-368617000.0,4183599000.0,1.2172523269686506,0.05933862208113158
TSLA,3794000000.0,14747000000.0,-15478000000.0,137806000000.0,3.8869267264101213,0.03283601584836655
TXN,5001000000.0,7153000000.0,-1439000000.0,34585000000.0,1.4303139372125575,-0.020615873933786322
TPL,481376000.0,545910000.0,-595848000.0,1623278000.0,1.1340615236322542,0.32730930869512187
TXT,921000000.0,1312000000.0,-207000000.0,18129000000.0,1.4245385450597177,-0.010149484251751337
TMO,6704000000.0,7818000000.0,-4047000000.0,110343000000.0,1.1661694510739857,0.02658075274371732
TJX,5494000000.0,6874000000.0,-1981000000.0,35767000000.0,1.251183108846014,0.01680319847904493
TKO,195403000.0,1285725000.0,-146888000.0,15495821000.0,6.57986315460868,-0.06088312455338765
TTD,443304000.0,992721000.0,-292632000.0,6153220000.0,2.2393684694927183,-0.0417318087115364
TSCO,1096087000.0,1635259000.0,-778578000.0,10933679000.0,1.491906208175081,0.021896197976911523
TT,2918600000.0,3194500000.0,-640000000.0,21420700000.0,1.0945316247515933,0.016997577109991738
TDG,2074000000.0,2038000000.0,-595000000.0,22909000000.0,0.982642237222758,0.02754376009428609
TRV,6288000000.0,10606000000.0,-7652000000.0,143708000000.0,1.686704834605598,0.02319982186099591
TRMB,424000000.0,386200000.0,-37000000.0,9312000000.0,0.9108490566037736,0.008032646048109965
TFC,5307000000.0,5739000000.0,-17763000000.0,547538000000.0,1.0814019219898248,0.031652597627927194
TYL,315603000.0,653543000.0,-222494000.0,5638908000.0,2.0707756263406876,-0.020473112879302164
TSN,474000000.0,2155000000.0,-665000000.0,36658000000.0,4.546413502109704,-0.027715641878989578
USB,7570000000.0,7970000000.0,-20538000000.0,692345000000.0,1.0528401585204756,0.029086654774714917
UBER,10053000000.0,10099000000.0,-3564000000.0,61802000000.0,1.0045757485327762,0.056923724151321964
UDR,377704000.0,902887000.0,-150990000.0,10605674000.0,2.3904618431364244,-0.035282340377424386
ULTA,1153479000.0,1502780000.0,-931346000.0,6999294000.0,1.3028238918957347,0.0831576727595669
UNP,7138000000.0,9290000000.0,-3762000000.0,69698000000.0,1.3014850098066686,0.023099658526786995
UAL,3353000000.0,8431000000.0,-6350000000.0,76448000000.0,2.514464658514763,0.016638760987861028
UPS,5572000000.0,8450000000.0,-4735000000.0,73090000000.0,1.516511127063891,0.02540703242577644
URI,2494000000.0,5190000000.0,-3369000000.0,29866000000.0,2.0809943865276663,0.022533985133596734
UNH,12056000000.0,19697000000.0,-8685000000.0,309581000000.0,1.633792302587923,0.0033722999796499138
UHS,1488796000.0,1864397000.0,-1070617000.0,15527593000.0,1.2522850679340891,0.044760060364797044
VLO,2348000000.0,5826000000.0,-1845000000.0,57988000000.0,2.4812606473594547,-0.02816099882734359
VEEV,908906000.0,1415225000.0,-1104362000.0,8979343000.0,1.5570642068596752,0.06660208881652031
VTR,251381000.0,1646726000.0,-2694418000.0,27591945000.0,6.550717834681221,0.047081602982319656
VLTO,940000000.0,1077000000.0,-98000000.0,7693000000.0,1.1457446808510638,-0.005069543741063305
VRSN,825700000.0,1091100000.0,109100000.0,1325900000.0,1.3214242460942232,-0.2824496568368655
VRSK,908300000.0,1436000000.0,-358100000.0,6195500000.0,1.5809754486403171,-0.027374707448954885
VZ,17174000000.0,37137000000.0,-16660000000.0,404258000000.0,2.1623966460929314,-0.008170524763888408
VRTX,3953200000.0,3631400000.0,-945400000.0,25643000000.0,0.9185975918243449,0.04941699489139336
VRT,1332800000.0,2113800000.0,-1500800000.0,12212400000.0,1.585984393757503,0.058940093675280865
VTRS,-3514900000.0,2315900000.0,-427700000.0,37193100000.0,-0.658880764744374,-0.14527156918890868
VICI,2775493000.0,2509991000.0,-904766000.0,46724168000.0,0.9043405982288552,0.025046310080898606
V,20058000000.0,23059000000.0,708000000.0,99627000000.0,1.1496161132715126,-0.03722886366145724
VST,944000000.0,4070000000.0,-4396000000.0,41550000000.0,4.311440677966102,0.03056558363417569
VMC,1076700000.0,1813000000.0,-529200000.0,16700400000.0,1.6838487972508591,-0.012400900577231684
WRB,1779403000.0,3582616000.0,-2029335000.0,44071071000.0,2.0133808923554697,0.005130848760176489
GWW,1706000000.0,2015000000.0,-645000000.0,8962000000.0,1.1811254396248534,0.0374916313322919
WAB,1170000000.0,1759000000.0,-2747000000.0,22069000000.0,1.5034188034188034,0.0977842222121528
WMT,21893000000.0,41565000000.0,-26350000000.0,284668000000.0,1.8985520486000091,0.02345890651566035
DIS,12404000000.0,18101000000.0,-8043000000.0,197514000000.0,1.4592873266688164,0.011877639053434186
WBD,727000000.0,4319000000.0,-1179000000.0,100085000000.0,5.940852819807428,-0.02410950691911875
WM,2708000000.0,6043000000.0,-3566000000.0,45835000000.0,2.231536189069424,0.005039816733936948
WAT,642629000.0,652555000.0,-152253000.0,5076550000.0,1.0154459260319717,0.028036166294038274
WEC,1558700000.0,3379400000.0,-4874700000.0,51518300000.0,2.168088791942003,0.05927990636336991
WFC,21338000000.0,-19001000000.0,-187895000000.0,2148631000000.0,-0.8904770831380635,0.10622298570578197
WELL,936845000.0,2881677000.0,-10512749000.0,67303047000.0,3.0759378552482,0.1273035528391456
WST,493700000.0,754800000.0,-285900000.0,4270000000.0,1.5288636823982176,0.005807962529274005
WDC,1861000000.0,1691000000.0,150000000.0,14002000000.0,0.908651262761956,0.0014283673760891302
WY,324000000.0,562000000.0,-475000000.0,16613000000.0,1.7345679012345678,0.014265936314934087
WSM,1088437000.0,1314889000.0,-260576000.0,5411912000.0,1.2080524642216315,0.0063053501239488
WMB,2618000000.0,5898000000.0,-5489000000.0,58573000000.0,2.252864782276547,0.03771362231745002
WTW,1605000000.0,1775000000.0,447000000.0,29530000000.0,1.1059190031152648,-0.020894006095496107
WDAY,693000000.0,2939000000.0,333000000.0,18074000000.0,4.240981240981241,-0.142691158570322
WYNN,327334000.0,1352653000.0,-1657161000.0,13108117000.0,4.13233272437327,0.04820234668335658
XEL,2018000000.0,4083000000.0,-10969000000.0,81371000000.0,2.023290386521308,0.10942473362745941
XYL,957000000.0,1241000000.0,-471000000.0,17634000000.0,1.296760710553814,0.01060451400703187
YUM,1559000000.0,2010000000.0,-1003000000.0,8197000000.0,1.2892880051314946,0.06734171038184701
ZBRA,419000000.0,917000000.0,-1455000000.0,8502000000.0,2.18854415274463,0.11256175017642908
ZBH,705100000.0,1697100000.0,-1975700000.0,23091700000.0,2.406892639341937,0.042599721978026736
ZTS,2673000000.0,2904000000.0,-748000000.0,15467000000.0,1.0864197530864197,0.033426003749919185
